{
	"schedule": {
				"id": "12345",
		"name": "NSIGN_Test"
	},
	"playlists": [
		{
			"id": "playlist_1",
			"width": 1920,
			"heigh": 1080,
			"duration": 25,
			"zones": [
				{
					"id": "playlist_1_zone_1",
					"x": 0,
					"y": 0,
					"width": 1920,
					"heigh": 1080,
					"resources": [
						{
							"id": "resource_1",
							"order": 1,
							"name": "Imagen1.png",
							"duration": 5
						},
						{
							"id": "resource_2",
							"order": 2,
							"name": "Imagen2.png",
							"duration": 3
						},
						{
							"id": "r3",
							"order": 1,
							"name": "Video1.mp4",
							"duration": 17
						}
					]
				}
			]
		},
		{
			"id": "playlist_2",
			"width": 1920,
			"heigh": 1080,
			"duration": 17,
			"zones": [
				{
					"id": "playlist_2_zone_1",
					"x": 0,
					"y": 0,
					"width": 1920,
					"heigh": 1080,
					"resources": [
						{
							"id": "resource_1",
							"order": 1,
							"name": "Imagen1.png",
							"duration": 5
						},
						{
							"id": "resource_2",
							"order": 2,
							"name": "Imagen2.png",
							"duration": 3
						}
					]
				},
				{
					"id": "playlist_2_zone_2",
					"x": 1320,
					"y": 100,
					"width": 500,
					"heigh": 500,
					"resources": [
						{
							"id": "r3",
							"order": 1,
							"name": "Video1.mp4",
							"duration": 17
						}
					]
				}
			]
		}
	]
}